SERCODIGO;VALDATA;VALVALOR;NIVNOME;TERCODIGO
PIBIEE;1985-01-01T00:00:00-02:00;10927.9251541494;Estados;53
PIBIEE;1985-01-01T00:00:00-02:00;11746.7992220552;Estados;26
PIBIEE;1985-01-01T00:00:00-02:00;29282.6483548065;Estados;50
PIBIEE;1985-01-01T00:00:00-02:00;52822.4963685183;Estados;41
PIBIEE;1985-01-01T00:00:00-02:00;99561.8517599632;Estados;51
PIBIEE;1985-01-01T00:00:00-02:00;123988.591207848;Estados;35
PIBIEE;1985-01-01T00:00:00-02:00;155641.506934849;Estados;16
PIBIEE;1985-01-01T00:00:00-02:00;176263.56935411;Estados;43
PIBIEE;1985-01-01T00:00:00-02:00;201132.50104627;Estados;11
PIBIEE;1985-01-01T00:00:00-02:00;202868.904976587;Estados;52
PIBIEE;1985-01-01T00:00:00-02:00;342641.3302455061;Regiões;5
PIBIEE;1985-01-01T00:00:00-02:00;366228.844471261;Estados;42
PIBIEE;1985-01-01T00:00:00-02:00;555769.651457312;Estados;32
PIBIEE;1985-01-01T00:00:00-02:00;563659.834446533;Estados;15
PIBIEE;1985-01-01T00:00:00-02:00;595314.9101938893;Regiões;4
PIBIEE;1985-01-01T00:00:00-02:00;746036.890640812;Estados;13
PIBIEE;1985-01-01T00:00:00-02:00;879839.278388013;Estados;23
PIBIEE;1985-01-01T00:00:00-02:00;1648703.4475349;Estados;28
PIBIEE;1985-01-01T00:00:00-02:00;1666470.733068464;Regiões;1
PIBIEE;1985-01-01T00:00:00-02:00;1672475.35758029;Estados;24
PIBIEE;1985-01-01T00:00:00-02:00;2764826.84855521;Estados;29
PIBIEE;1985-01-01T00:00:00-02:00;3524534.93021398;Estados;31
PIBIEE;1985-01-01T00:00:00-02:00;6977591.731280468;Regiões;2
PIBIEE;1985-01-01T00:00:00-02:00;14089581.4506293;Estados;33
PIBIEE;1985-01-01T00:00:00-02:00;18293874.623508442;Regiões;3
PIBIEE;1985-01-01T00:00:00-02:00;27875893.328296762;Brasil;0
PIBIEE;1986-01-01T00:00:00-02:00;9100.7940293337;Estados;53
PIBIEE;1986-01-01T00:00:00-02:00;24658.2690895724;Estados;26
PIBIEE;1986-01-01T00:00:00-02:00;26888.5471519886;Estados;50
PIBIEE;1986-01-01T00:00:00-02:00;44394.9072275391;Estados;41
PIBIEE;1986-01-01T00:00:00-02:00;99643.0627543649;Estados;51
PIBIEE;1986-01-01T00:00:00-02:00;111033.182737957;Estados;35
PIBIEE;1986-01-01T00:00:00-02:00;124479.40862177;Estados;16
PIBIEE;1986-01-01T00:00:00-02:00;141483.739865535;Estados;52
PIBIEE;1986-01-01T00:00:00-02:00;156941.487086522;Estados;11
PIBIEE;1986-01-01T00:00:00-02:00;184691.034914873;Estados;43
PIBIEE;1986-01-01T00:00:00-02:00;277116.1438012222;Regiões;5
PIBIEE;1986-01-01T00:00:00-02:00;304879.93387134;Estados;42
PIBIEE;1986-01-01T00:00:00-02:00;396756.109620072;Estados;13
PIBIEE;1986-01-01T00:00:00-02:00;437811.305429166;Estados;32
PIBIEE;1986-01-01T00:00:00-02:00;533965.8760137521;Regiões;4
PIBIEE;1986-01-01T00:00:00-02:00;624221.376016364;Estados;23
PIBIEE;1986-01-01T00:00:00-02:00;628708.869060345;Estados;15
PIBIEE;1986-01-01T00:00:00-02:00;1306885.874388709;Regiões;1
PIBIEE;1986-01-01T00:00:00-02:00;1410200.31935642;Estados;28
PIBIEE;1986-01-01T00:00:00-02:00;1410350.62031641;Estados;24
PIBIEE;1986-01-01T00:00:00-02:00;2088671.65691828;Estados;29
PIBIEE;1986-01-01T00:00:00-02:00;2950216.98300417;Estados;31
PIBIEE;1986-01-01T00:00:00-02:00;5558102.241697047;Regiões;2
PIBIEE;1986-01-01T00:00:00-02:00;11639670.7479938;Estados;33
PIBIEE;1986-01-01T00:00:00-02:00;15138732.219165094;Regiões;3
PIBIEE;1986-01-01T00:00:00-02:00;22814802.355065823;Brasil;0
PIBIEE;1987-01-01T00:00:00-02:00;7151.4860812801;Estados;53
PIBIEE;1987-01-01T00:00:00-02:00;20076.041286699;Estados;50
PIBIEE;1987-01-01T00:00:00-02:00;36275.4719063599;Estados;41
PIBIEE;1987-01-01T00:00:00-02:00;37410.4192445966;Estados;51
PIBIEE;1987-01-01T00:00:00-02:00;48205.8006429397;Estados;26
PIBIEE;1987-01-01T00:00:00-02:00;50881.2700657178;Estados;52
PIBIEE;1987-01-01T00:00:00-02:00;73307.1468638437;Estados;16
PIBIEE;1987-01-01T00:00:00-02:00;86677.3168176948;Estados;35
PIBIEE;1987-01-01T00:00:00-02:00;104087.02846444;Estados;11
PIBIEE;1987-01-01T00:00:00-02:00;115519.2166782935;Regiões;5
PIBIEE;1987-01-01T00:00:00-02:00;137493.980340537;Estados;43
PIBIEE;1987-01-01T00:00:00-02:00;180374.188669368;Estados;42
PIBIEE;1987-01-01T00:00:00-02:00;319826.673561718;Estados;32
PIBIEE;1987-01-01T00:00:00-02:00;354143.6409162649;Regiões;4
PIBIEE;1987-01-01T00:00:00-02:00;375536.694359646;Estados;23
PIBIEE;1987-01-01T00:00:00-02:00;593288.788437645;Estados;13
PIBIEE;1987-01-01T00:00:00-02:00;606873.871602584;Estados;15
PIBIEE;1987-01-01T00:00:00-02:00;909919.571030313;Estados;28
PIBIEE;1987-01-01T00:00:00-02:00;945446.095855078;Estados;24
PIBIEE;1987-01-01T00:00:00-02:00;1377556.8353685127;Regiões;1
PIBIEE;1987-01-01T00:00:00-02:00;1522217.81218663;Estados;29
PIBIEE;1987-01-01T00:00:00-02:00;2200444.87786574;Estados;31
PIBIEE;1987-01-01T00:00:00-02:00;3801325.974074607;Regiões;2
PIBIEE;1987-01-01T00:00:00-02:00;7819567.51607624;Estados;33
PIBIEE;1987-01-01T00:00:00-02:00;10426516.384321393;Regiões;3
PIBIEE;1987-01-01T00:00:00-02:00;16075062.05135907;Brasil;0
PIBIEE;1988-01-01T00:00:00-02:00;6682.2962418795;Estados;53
PIBIEE;1988-01-01T00:00:00-02:00;15196.437902892;Estados;52
PIBIEE;1988-01-01T00:00:00-02:00;18899.6799052907;Estados;50
PIBIEE;1988-01-01T00:00:00-02:00;28512.6504666799;Estados;51
PIBIEE;1988-01-01T00:00:00-02:00;34344.0124471694;Estados;41
PIBIEE;1988-01-01T00:00:00-02:00;42464.4250742702;Estados;26
PIBIEE;1988-01-01T00:00:00-02:00;54751.5765674258;Estados;16
PIBIEE;1988-01-01T00:00:00-02:00;69291.0645167421;Regiões;5
PIBIEE;1988-01-01T00:00:00-02:00;75239.4817782379;Estados;35
PIBIEE;1988-01-01T00:00:00-02:00;85058.7309717832;Estados;11
PIBIEE;1988-01-01T00:00:00-02:00;134916.022986446;Estados;43
PIBIEE;1988-01-01T00:00:00-02:00;207852.329643462;Estados;42
PIBIEE;1988-01-01T00:00:00-02:00;285427.315739346;Estados;32
PIBIEE;1988-01-01T00:00:00-02:00;324498.984194592;Estados;23
PIBIEE;1988-01-01T00:00:00-02:00;377112.3650770774;Regiões;4
PIBIEE;1988-01-01T00:00:00-02:00;671571.118000644;Estados;15
PIBIEE;1988-01-01T00:00:00-02:00;672010.561585538;Estados;13
PIBIEE;1988-01-01T00:00:00-02:00;751946.128991011;Estados;24
PIBIEE;1988-01-01T00:00:00-02:00;764453.650371653;Estados;28
PIBIEE;1988-01-01T00:00:00-02:00;1392144.30985942;Estados;29
PIBIEE;1988-01-01T00:00:00-02:00;1483391.987125391;Regiões;1
PIBIEE;1988-01-01T00:00:00-02:00;2524471.43402687;Estados;31
PIBIEE;1988-01-01T00:00:00-02:00;3275507.4984909464;Regiões;2
PIBIEE;1988-01-01T00:00:00-02:00;6294104.15286329;Estados;33
PIBIEE;1988-01-01T00:00:00-02:00;9179242.384407744;Regiões;3
PIBIEE;1988-01-01T00:00:00-02:00;14384545.299617901;Brasil;0
PIBIEE;1989-01-01T00:00:00-02:00;5269.0968107066;Estados;53
PIBIEE;1989-01-01T00:00:00-02:00;16698.7550135524;Estados;52
PIBIEE;1989-01-01T00:00:00-02:00;17430.418243709;Estados;50
PIBIEE;1989-01-01T00:00:00-02:00;28912.6087178873;Estados;26
PIBIEE;1989-01-01T00:00:00-02:00;29459.7006145282;Estados;41
PIBIEE;1989-01-01T00:00:00-02:00;42008.6504494205;Estados;51
PIBIEE;1989-01-01T00:00:00-02:00;48294.3045241843;Estados;16
PIBIEE;1989-01-01T00:00:00-02:00;56975.9834385775;Estados;11
PIBIEE;1989-01-01T00:00:00-02:00;63382.4234137232;Estados;35
PIBIEE;1989-01-01T00:00:00-02:00;81406.9205173885;Regiões;5
PIBIEE;1989-01-01T00:00:00-02:00;107639.150832675;Estados;43
PIBIEE;1989-01-01T00:00:00-02:00;145148.207198983;Estados;42
PIBIEE;1989-01-01T00:00:00-02:00;217669.222999445;Estados;32
PIBIEE;1989-01-01T00:00:00-02:00;265415.328461355;Estados;23
PIBIEE;1989-01-01T00:00:00-02:00;282247.0586461862;Regiões;4
PIBIEE;1989-01-01T00:00:00-02:00;512984.696952487;Estados;28
PIBIEE;1989-01-01T00:00:00-02:00;546093.086245422;Estados;24
PIBIEE;1989-01-01T00:00:00-02:00;643351.060725791;Estados;13
PIBIEE;1989-01-01T00:00:00-02:00;648148.983460579;Estados;15
PIBIEE;1989-01-01T00:00:00-02:00;1126758.00358879;Estados;29
PIBIEE;1989-01-01T00:00:00-02:00;1396770.3321491317;Regiões;1
PIBIEE;1989-01-01T00:00:00-02:00;2480163.723965941;Regiões;2
PIBIEE;1989-01-01T00:00:00-02:00;2934139.73686763;Estados;31
PIBIEE;1989-01-01T00:00:00-02:00;5021465.95544736;Estados;33
PIBIEE;1989-01-01T00:00:00-02:00;8236657.338728158;Regiões;3
PIBIEE;1989-01-01T00:00:00-02:00;12477245.374006806;Brasil;0
PIBIEE;1990-01-01T00:00:00-02:00;5019.6434007195;Estados;53
PIBIEE;1990-01-01T00:00:00-02:00;19164.2179823169;Estados;50
PIBIEE;1990-01-01T00:00:00-02:00;21399.2739952112;Estados;41
PIBIEE;1990-01-01T00:00:00-02:00;22016.1557050856;Estados;52
PIBIEE;1990-01-01T00:00:00-02:00;32842.143987505;Estados;26
PIBIEE;1990-01-01T00:00:00-02:00;44045.1699542675;Estados;11
PIBIEE;1990-01-01T00:00:00-02:00;45953.2963341433;Estados;16
PIBIEE;1990-01-01T00:00:00-02:00;48127.4110347624;Estados;51
PIBIEE;1990-01-01T00:00:00-02:00;49928.5604860261;Estados;35
PIBIEE;1990-01-01T00:00:00-02:00;83777.1772684429;Estados;42
PIBIEE;1990-01-01T00:00:00-02:00;94327.42812288439;Regiões;5
PIBIEE;1990-01-01T00:00:00-02:00;97310.431724851;Estados;43
PIBIEE;1990-01-01T00:00:00-02:00;150407.409524683;Estados;13
PIBIEE;1990-01-01T00:00:00-02:00;184462.191131132;Estados;32
PIBIEE;1990-01-01T00:00:00-02:00;202486.88298850512;Regiões;4
PIBIEE;1990-01-01T00:00:00-02:00;243259.092410274;Estados;23
PIBIEE;1990-01-01T00:00:00-02:00;458316.806948959;Estados;28
PIBIEE;1990-01-01T00:00:00-02:00;460492.897107438;Estados;15
PIBIEE;1990-01-01T00:00:00-02:00;560593.897334817;Estados;24
PIBIEE;1990-01-01T00:00:00-02:00;700898.7729205318;Regiões;1
PIBIEE;1990-01-01T00:00:00-02:00;954935.163561027;Estados;29
PIBIEE;1990-01-01T00:00:00-02:00;1091510.79954078;Estados;31
PIBIEE;1990-01-01T00:00:00-02:00;2249947.104242582;Regiões;2
PIBIEE;1990-01-01T00:00:00-02:00;5131811.35917266;Estados;33
PIBIEE;1990-01-01T00:00:00-02:00;6457712.910330597;Regiões;3
PIBIEE;1990-01-01T00:00:00-02:00;9705373.098605104;Brasil;0
PIBIEE;1991-01-01T00:00:00-02:00;5410.7318892901;Estados;53
PIBIEE;1991-01-01T00:00:00-02:00;13456.652604026;Estados;50
PIBIEE;1991-01-01T00:00:00-02:00;23099.9644974845;Estados;41
PIBIEE;1991-01-01T00:00:00-02:00;39987.9223642998;Estados;52
PIBIEE;1991-01-01T00:00:00-02:00;40495.770599216;Estados;16
PIBIEE;1991-01-01T00:00:00-02:00;47159.47284379;Estados;11
PIBIEE;1991-01-01T00:00:00-02:00;48717.3910986141;Estados;51
PIBIEE;1991-01-01T00:00:00-02:00;60670.211195896;Estados;35
PIBIEE;1991-01-01T00:00:00-02:00;65745.2586502781;Estados;26
PIBIEE;1991-01-01T00:00:00-02:00;76230.8280154068;Estados;42
PIBIEE;1991-01-01T00:00:00-02:00;99628.4611914038;Estados;43
PIBIEE;1991-01-01T00:00:00-02:00;107572.69795623;Regiões;5
PIBIEE;1991-01-01T00:00:00-02:00;189634.077416454;Estados;13
PIBIEE;1991-01-01T00:00:00-02:00;198959.2537042951;Regiões;4
PIBIEE;1991-01-01T00:00:00-02:00;223052.260198739;Estados;32
PIBIEE;1991-01-01T00:00:00-02:00;290873.925830612;Estados;23
PIBIEE;1991-01-01T00:00:00-02:00;576789.728606755;Estados;28
PIBIEE;1991-01-01T00:00:00-02:00;628893.151008491;Estados;15
PIBIEE;1991-01-01T00:00:00-02:00;765204.576671142;Estados;24
PIBIEE;1991-01-01T00:00:00-02:00;906182.471867951;Regiões;1
PIBIEE;1991-01-01T00:00:00-02:00;1047576.10733837;Estados;29
PIBIEE;1991-01-01T00:00:00-02:00;1986935.39533244;Estados;31
PIBIEE;1991-01-01T00:00:00-02:00;2746189.5970971575;Regiões;2
PIBIEE;1991-01-01T00:00:00-02:00;6371015.62521248;Estados;33
PIBIEE;1991-01-01T00:00:00-02:00;8641673.491939556;Regiões;3
PIBIEE;1991-01-01T00:00:00-02:00;12600577.51256519;Brasil;0
PIBIEE;1992-01-01T00:00:00-02:00;5146.7258964925;Estados;53
PIBIEE;1992-01-01T00:00:00-02:00;13918.824903588;Estados;50
PIBIEE;1992-01-01T00:00:00-02:00;20333.4794507205;Estados;26
PIBIEE;1992-01-01T00:00:00-02:00;22512.5331935646;Estados;41
PIBIEE;1992-01-01T00:00:00-02:00;47048.5385607448;Estados;16
PIBIEE;1992-01-01T00:00:00-02:00;47512.9314932649;Estados;51
PIBIEE;1992-01-01T00:00:00-02:00;49813.1219931433;Estados;35
PIBIEE;1992-01-01T00:00:00-02:00;54428.7763869987;Estados;52
PIBIEE;1992-01-01T00:00:00-02:00;57762.4202204196;Estados;42
PIBIEE;1992-01-01T00:00:00-02:00;65452.0319583427;Estados;11
PIBIEE;1992-01-01T00:00:00-02:00;73701.4451417674;Estados;43
PIBIEE;1992-01-01T00:00:00-02:00;121007.2586803441;Regiões;5
PIBIEE;1992-01-01T00:00:00-02:00;133507.887772171;Estados;13
PIBIEE;1992-01-01T00:00:00-02:00;153976.3985557516;Regiões;4
PIBIEE;1992-01-01T00:00:00-02:00;199330.743591944;Estados;32
PIBIEE;1992-01-01T00:00:00-02:00;307407.072699317;Estados;23
PIBIEE;1992-01-01T00:00:00-02:00;586587.791253435;Estados;28
PIBIEE;1992-01-01T00:00:00-02:00;704196.801667966;Estados;15
PIBIEE;1992-01-01T00:00:00-02:00;821052.354148964;Estados;24
PIBIEE;1992-01-01T00:00:00-02:00;950205.2599592244;Regiões;1
PIBIEE;1992-01-01T00:00:00-02:00;1080538.20954304;Estados;29
PIBIEE;1992-01-01T00:00:00-02:00;1929460.985542;Estados;31
PIBIEE;1992-01-01T00:00:00-02:00;2815918.907095476;Regiões;2
PIBIEE;1992-01-01T00:00:00-02:00;6344997.05061898;Estados;33
PIBIEE;1992-01-01T00:00:00-02:00;8523601.901746066;Regiões;3
PIBIEE;1992-01-01T00:00:00-02:00;12564709.726036865;Brasil;0
PIBIEE;1993-01-01T00:00:00-02:00;5852.4793573929;Estados;53
PIBIEE;1993-01-01T00:00:00-02:00;15139.1302636856;Estados;50
PIBIEE;1993-01-01T00:00:00-02:00;21746.6102890097;Estados;41
PIBIEE;1993-01-01T00:00:00-02:00;31383.7544714668;Estados;26
PIBIEE;1993-01-01T00:00:00-02:00;56276.2591152284;Estados;35
PIBIEE;1993-01-01T00:00:00-02:00;58243.7400336081;Estados;16
PIBIEE;1993-01-01T00:00:00-02:00;60390.020691992;Estados;42
PIBIEE;1993-01-01T00:00:00-02:00;67050.0035448635;Estados;51
PIBIEE;1993-01-01T00:00:00-02:00;68170.1311129546;Estados;43
PIBIEE;1993-01-01T00:00:00-02:00;82185.7582201395;Estados;11
PIBIEE;1993-01-01T00:00:00-02:00;87619.858412095;Estados;52
PIBIEE;1993-01-01T00:00:00-02:00;150306.7620939563;Regiões;4
PIBIEE;1993-01-01T00:00:00-02:00;150921.421086649;Estados;13
PIBIEE;1993-01-01T00:00:00-02:00;175661.47157803702;Regiões;5
PIBIEE;1993-01-01T00:00:00-02:00;227747.248232444;Estados;32
PIBIEE;1993-01-01T00:00:00-02:00;305443.916883893;Estados;23
PIBIEE;1993-01-01T00:00:00-02:00;750216.680202661;Estados;28
PIBIEE;1993-01-01T00:00:00-02:00;949764.246631666;Estados;15
PIBIEE;1993-01-01T00:00:00-02:00;961222.39923855;Estados;24
PIBIEE;1993-01-01T00:00:00-02:00;1241115.1659720624;Regiões;1
PIBIEE;1993-01-01T00:00:00-02:00;1244506.92535905;Estados;29
PIBIEE;1993-01-01T00:00:00-02:00;2987214.97095906;Estados;31
PIBIEE;1993-01-01T00:00:00-02:00;3292773.676155621;Regiões;2
PIBIEE;1993-01-01T00:00:00-02:00;7581533.93897543;Estados;33
PIBIEE;1993-01-01T00:00:00-02:00;10852772.417282162;Regiões;3
PIBIEE;1993-01-01T00:00:00-02:00;15712629.49308184;Brasil;0
PIBIEE;1994-01-01T00:00:00-02:00;5162.9915260688;Estados;53
PIBIEE;1994-01-01T00:00:00-02:00;18162.3800393383;Estados;41
PIBIEE;1994-01-01T00:00:00-02:00;19009.7859233249;Estados;26
PIBIEE;1994-01-01T00:00:00-02:00;29156.4718508831;Estados;50
PIBIEE;1994-01-01T00:00:00-02:00;41830.5757943615;Estados;13
PIBIEE;1994-01-01T00:00:00-02:00;47046.5637502446;Estados;51
PIBIEE;1994-01-01T00:00:00-02:00;51562.3021000989;Estados;11
PIBIEE;1994-01-01T00:00:00-02:00;54627.5937574159;Estados;42
PIBIEE;1994-01-01T00:00:00-02:00;55132.3345501952;Estados;35
PIBIEE;1994-01-01T00:00:00-02:00;55229.7010981678;Estados;16
PIBIEE;1994-01-01T00:00:00-02:00;65909.2662462832;Estados;43
PIBIEE;1994-01-01T00:00:00-02:00;88373.1648927366;Estados;52
PIBIEE;1994-01-01T00:00:00-02:00;138699.2400430374;Regiões;4
PIBIEE;1994-01-01T00:00:00-02:00;169739.1920199331;Regiões;5
PIBIEE;1994-01-01T00:00:00-02:00;200854.649467797;Estados;32
PIBIEE;1994-01-01T00:00:00-02:00;247399.33733959;Estados;23
PIBIEE;1994-01-01T00:00:00-02:00;575251.170854304;Estados;28
PIBIEE;1994-01-01T00:00:00-02:00;744642.273505662;Estados;24
PIBIEE;1994-01-01T00:00:00-02:00;749133.282249678;Estados;15
PIBIEE;1994-01-01T00:00:00-02:00;897755.8612423063;Regiões;1
PIBIEE;1994-01-01T00:00:00-02:00;1032414.44524057;Estados;29
PIBIEE;1994-01-01T00:00:00-02:00;2385482.86788666;Estados;31
PIBIEE;1994-01-01T00:00:00-02:00;2618717.0128634507;Regiões;2
PIBIEE;1994-01-01T00:00:00-02:00;6686923.49310498;Estados;33
PIBIEE;1994-01-01T00:00:00-02:00;9328393.345009632;Regiões;3
PIBIEE;1994-01-01T00:00:00-02:00;13153304.65117836;Brasil;0
PIBIEE;1995-01-01T00:00:00-02:00;3913.4745253985;Estados;53
PIBIEE;1995-01-01T00:00:00-02:00;17600.5184469435;Estados;41
PIBIEE;1995-01-01T00:00:00-02:00;23113.8761336723;Estados;50
PIBIEE;1995-01-01T00:00:00-02:00;24156.9489463409;Estados;26
PIBIEE;1995-01-01T00:00:00-02:00;28132.64602614;Estados;13
PIBIEE;1995-01-01T00:00:00-02:00;30101.9081945235;Estados;11
PIBIEE;1995-01-01T00:00:00-02:00;38991.9666771999;Estados;42
PIBIEE;1995-01-01T00:00:00-02:00;41583.4733884146;Estados;35
PIBIEE;1995-01-01T00:00:00-02:00;44078.2132924608;Estados;52
PIBIEE;1995-01-01T00:00:00-02:00;44947.7076289671;Estados;16
PIBIEE;1995-01-01T00:00:00-02:00;65910.5863316588;Estados;43
PIBIEE;1995-01-01T00:00:00-02:00;122503.07145580219;Regiões;4
PIBIEE;1995-01-01T00:00:00-02:00;146840.554910549;Estados;32
PIBIEE;1995-01-01T00:00:00-02:00;158190.097610479;Estados;51
PIBIEE;1995-01-01T00:00:00-02:00;164802.286572846;Estados;23
PIBIEE;1995-01-01T00:00:00-02:00;229295.6615620106;Regiões;5
PIBIEE;1995-01-01T00:00:00-02:00;383009.608912984;Estados;28
PIBIEE;1995-01-01T00:00:00-02:00;463020.113217253;Estados;24
PIBIEE;1995-01-01T00:00:00-02:00;539158.070666582;Estados;15
PIBIEE;1995-01-01T00:00:00-02:00;642340.3325162126;Regiões;1
PIBIEE;1995-01-01T00:00:00-02:00;715672.641176909;Estados;29
PIBIEE;1995-01-01T00:00:00-02:00;1539510.00239369;Estados;31
PIBIEE;1995-01-01T00:00:00-02:00;1750661.598826333;Regiões;2
PIBIEE;1995-01-01T00:00:00-02:00;4924511.05304805;Estados;33
PIBIEE;1995-01-01T00:00:00-02:00;6652445.083740704;Regiões;3
PIBIEE;1995-01-01T00:00:00-02:00;9397245.748101061;Brasil;0
PIBIEE;1996-01-01T00:00:00-02:00;3933.0705640152;Estados;53
PIBIEE;1996-01-01T00:00:00-02:00;14212.8372508363;Estados;41
PIBIEE;1996-01-01T00:00:00-02:00;21107.2541572806;Estados;50
PIBIEE;1996-01-01T00:00:00-02:00;27170.0496668436;Estados;13
PIBIEE;1996-01-01T00:00:00-02:00;30880.3215979982;Estados;26
PIBIEE;1996-01-01T00:00:00-02:00;31024.3759728321;Estados;11
PIBIEE;1996-01-01T00:00:00-02:00;34807.5751995719;Estados;42
PIBIEE;1996-01-01T00:00:00-02:00;37371.1010491426;Estados;52
PIBIEE;1996-01-01T00:00:00-02:00;37740.4097090689;Estados;35
PIBIEE;1996-01-01T00:00:00-02:00;44538.4408634008;Estados;16
PIBIEE;1996-01-01T00:00:00-02:00;58220.5591032501;Estados;43
PIBIEE;1996-01-01T00:00:00-02:00;107240.9715536583;Regiões;4
PIBIEE;1996-01-01T00:00:00-02:00;142197.228667013;Estados;32
PIBIEE;1996-01-01T00:00:00-02:00;151753.836764056;Estados;23
PIBIEE;1996-01-01T00:00:00-02:00;192089.514153016;Estados;51
PIBIEE;1996-01-01T00:00:00-02:00;254500.9399234544;Regiões;5
PIBIEE;1996-01-01T00:00:00-02:00;356369.623608251;Estados;28
PIBIEE;1996-01-01T00:00:00-02:00;479946.44277845;Estados;24
PIBIEE;1996-01-01T00:00:00-02:00;500083.963988724;Estados;15
PIBIEE;1996-01-01T00:00:00-02:00;602816.8304918004;Regiões;1
PIBIEE;1996-01-01T00:00:00-02:00;609062.734088211;Estados;29
PIBIEE;1996-01-01T00:00:00-02:00;1421555.46404505;Estados;31
PIBIEE;1996-01-01T00:00:00-02:00;1628012.958836966;Regiões;2
PIBIEE;1996-01-01T00:00:00-02:00;5051117.26208729;Estados;33
PIBIEE;1996-01-01T00:00:00-02:00;6652610.364508423;Regiões;3
PIBIEE;1996-01-01T00:00:00-02:00;9245182.0653143;Brasil;0
PIBIEE;1997-01-01T00:00:00-02:00;4517.1257794762;Estados;53
PIBIEE;1997-01-01T00:00:00-02:00;14392.439772839;Estados;41
PIBIEE;1997-01-01T00:00:00-02:00;24930.0872932989;Estados;13
PIBIEE;1997-01-01T00:00:00-02:00;26698.1878053113;Estados;50
PIBIEE;1997-01-01T00:00:00-02:00;32472.9655706161;Estados;26
PIBIEE;1997-01-01T00:00:00-02:00;34819.3195895601;Estados;11
PIBIEE;1997-01-01T00:00:00-02:00;42662.2167998725;Estados;35
PIBIEE;1997-01-01T00:00:00-02:00;46237.0842986866;Estados;42
PIBIEE;1997-01-01T00:00:00-02:00;47180.8305654854;Estados;52
PIBIEE;1997-01-01T00:00:00-02:00;49123.9774430282;Estados;16
PIBIEE;1997-01-01T00:00:00-02:00;63011.5012917473;Estados;43
PIBIEE;1997-01-01T00:00:00-02:00;123641.0253632729;Regiões;4
PIBIEE;1997-01-01T00:00:00-02:00;147721.259307952;Estados;32
PIBIEE;1997-01-01T00:00:00-02:00;161624.152562168;Estados;23
PIBIEE;1997-01-01T00:00:00-02:00;185345.343853554;Estados;51
PIBIEE;1997-01-01T00:00:00-02:00;263741.4880038269;Regiões;5
PIBIEE;1997-01-01T00:00:00-02:00;429719.395421099;Estados;28
PIBIEE;1997-01-01T00:00:00-02:00;522410.261590448;Estados;24
PIBIEE;1997-01-01T00:00:00-02:00;533091.54734179;Estados;15
PIBIEE;1997-01-01T00:00:00-02:00;583632.936272319;Estados;29
PIBIEE;1997-01-01T00:00:00-02:00;641964.9316676774;Regiões;1
PIBIEE;1997-01-01T00:00:00-02:00;1522536.20336744;Estados;31
PIBIEE;1997-01-01T00:00:00-02:00;1729859.71141665;Regiões;2
PIBIEE;1997-01-01T00:00:00-02:00;5769949.1724798;Estados;33
PIBIEE;1997-01-01T00:00:00-02:00;7482868.851955065;Regiões;3
PIBIEE;1997-01-01T00:00:00-02:00;10242076.008406492;Brasil;0
PIBIEE;1998-01-01T00:00:00-02:00;5243.3463286792;Estados;53
PIBIEE;1998-01-01T00:00:00-02:00;7492.6860007182;Estados;16
PIBIEE;1998-01-01T00:00:00-02:00;10276.502609475;Estados;41
PIBIEE;1998-01-01T00:00:00-02:00;26796.242295381;Estados;26
PIBIEE;1998-01-01T00:00:00-02:00;28394.2256080343;Estados;50
PIBIEE;1998-01-01T00:00:00-02:00;33621.5813507636;Estados;11
PIBIEE;1998-01-01T00:00:00-02:00;37970.3223985477;Estados;52
PIBIEE;1998-01-01T00:00:00-02:00;39199.4232733968;Estados;35
PIBIEE;1998-01-01T00:00:00-02:00;42249.4165793921;Estados;42
PIBIEE;1998-01-01T00:00:00-02:00;54865.7185077484;Estados;43
PIBIEE;1998-01-01T00:00:00-02:00;107391.63769661551;Regiões;4
PIBIEE;1998-01-01T00:00:00-02:00;158044.737606832;Estados;23
PIBIEE;1998-01-01T00:00:00-02:00;169009.994083655;Estados;32
PIBIEE;1998-01-01T00:00:00-02:00;172768.902126992;Estados;13
PIBIEE;1998-01-01T00:00:00-02:00;188712.496852813;Estados;51
PIBIEE;1998-01-01T00:00:00-02:00;205217.074695721;Estados;24
PIBIEE;1998-01-01T00:00:00-02:00;260320.3911880742;Regiões;5
PIBIEE;1998-01-01T00:00:00-02:00;404890.348017615;Estados;28
PIBIEE;1998-01-01T00:00:00-02:00;542127.031235313;Estados;15
PIBIEE;1998-01-01T00:00:00-02:00;551172.326541253;Estados;29
PIBIEE;1998-01-01T00:00:00-02:00;756010.2007137868;Regiões;1
PIBIEE;1998-01-01T00:00:00-02:00;1346120.7291568022;Regiões;2
PIBIEE;1998-01-01T00:00:00-02:00;1355828.27412439;Estados;31
PIBIEE;1998-01-01T00:00:00-02:00;3658900.74134353;Estados;33
PIBIEE;1998-01-01T00:00:00-02:00;5222938.432824972;Regiões;3
PIBIEE;1998-01-01T00:00:00-02:00;7692781.39158025;Brasil;0
PIBIEE;1999-01-01T00:00:00-02:00;6236.8774016316;Estados;53
PIBIEE;1999-01-01T00:00:00-02:00;9926.5815230155;Estados;41
PIBIEE;1999-01-01T00:00:00-02:00;25847.4158427559;Estados;50
PIBIEE;1999-01-01T00:00:00-02:00;32446.9678935311;Estados;26
PIBIEE;1999-01-01T00:00:00-02:00;44051.5891244179;Estados;35
PIBIEE;1999-01-01T00:00:00-02:00;45478.0390545395;Estados;42
PIBIEE;1999-01-01T00:00:00-02:00;46111.8453320449;Estados;11
PIBIEE;1999-01-01T00:00:00-02:00;59963.2530538033;Estados;16
PIBIEE;1999-01-01T00:00:00-02:00;63824.4589285018;Estados;52
PIBIEE;1999-01-01T00:00:00-02:00;78306.8150827;Estados;43
PIBIEE;1999-01-01T00:00:00-02:00;133711.43566025503;Regiões;4
PIBIEE;1999-01-01T00:00:00-02:00;182552.659256065;Estados;23
PIBIEE;1999-01-01T00:00:00-02:00;195671.023973723;Estados;32
PIBIEE;1999-01-01T00:00:00-02:00;208926.784362639;Estados;51
PIBIEE;1999-01-01T00:00:00-02:00;304835.5365355283;Regiões;5
PIBIEE;1999-01-01T00:00:00-02:00;355424.021966189;Estados;13
PIBIEE;1999-01-01T00:00:00-02:00;540593.599144848;Estados;28
PIBIEE;1999-01-01T00:00:00-02:00;561924.636683181;Estados;15
PIBIEE;1999-01-01T00:00:00-02:00;594888.819755011;Estados;29
PIBIEE;1999-01-01T00:00:00-02:00;829724.35782752;Estados;24
PIBIEE;1999-01-01T00:00:00-02:00;1023423.7570352182;Regiões;1
PIBIEE;1999-01-01T00:00:00-02:00;1342474.12488144;Estados;31
PIBIEE;1999-01-01T00:00:00-02:00;2180206.403876975;Regiões;2
PIBIEE;1999-01-01T00:00:00-02:00;12389898.2741878;Estados;33
PIBIEE;1999-01-01T00:00:00-02:00;13972095.012167383;Regiões;3
PIBIEE;1999-01-01T00:00:00-02:00;17614272.145275354;Brasil;0
PIBIEE;2000-01-01T00:00:00-02:00;7839.7280686591;Estados;53
PIBIEE;2000-01-01T00:00:00-02:00;15247.0586107299;Estados;41
PIBIEE;2000-01-01T00:00:00-02:00;29284.1912736129;Estados;50
PIBIEE;2000-01-01T00:00:00-02:00;36717.6910454912;Estados;26
PIBIEE;2000-01-01T00:00:00-02:00;48056.5654797924;Estados;35
PIBIEE;2000-01-01T00:00:00-02:00;49364.1138040627;Estados;11
PIBIEE;2000-01-01T00:00:00-02:00;52979.1957610901;Estados;42
PIBIEE;2000-01-01T00:00:00-02:00;68580.6418429465;Estados;16
PIBIEE;2000-01-01T00:00:00-02:00;69454.6979361235;Estados;52
PIBIEE;2000-01-01T00:00:00-02:00;89725.4762890283;Estados;43
PIBIEE;2000-01-01T00:00:00-02:00;157951.73066084832;Regiões;4
PIBIEE;2000-01-01T00:00:00-02:00;236035.61189711;Estados;51
PIBIEE;2000-01-01T00:00:00-02:00;236904.538060934;Estados;32
PIBIEE;2000-01-01T00:00:00-02:00;252561.716778055;Estados;23
PIBIEE;2000-01-01T00:00:00-02:00;342614.22917550546;Regiões;5
PIBIEE;2000-01-01T00:00:00-02:00;576462.83912025;Estados;28
PIBIEE;2000-01-01T00:00:00-02:00;631032.203918182;Estados;29
PIBIEE;2000-01-01T00:00:00-02:00;732406.139165749;Estados;15
PIBIEE;2000-01-01T00:00:00-02:00;850282.803207075;Estados;13
PIBIEE;2000-01-01T00:00:00-02:00;1275842.62219545;Estados;24
PIBIEE;2000-01-01T00:00:00-02:00;1700633.6980198333;Regiões;1
PIBIEE;2000-01-01T00:00:00-02:00;1837999.78361135;Estados;31
PIBIEE;2000-01-01T00:00:00-02:00;2772617.073057428;Regiões;2
PIBIEE;2000-01-01T00:00:00-02:00;23581940.5832414;Estados;33
PIBIEE;2000-01-01T00:00:00-02:00;25704901.470393475;Regiões;3
PIBIEE;2000-01-01T00:00:00-02:00;30678718.201307088;Brasil;0
PIBIEE;2001-01-01T00:00:00-02:00;6896.1917165273;Estados;53
PIBIEE;2001-01-01T00:00:00-02:00;8788.0673074799;Estados;41
PIBIEE;2001-01-01T00:00:00-02:00;26698.9872783001;Estados;50
PIBIEE;2001-01-01T00:00:00-02:00;35168.8279866078;Estados;26
PIBIEE;2001-01-01T00:00:00-02:00;39729.0613614661;Estados;11
PIBIEE;2001-01-01T00:00:00-02:00;45472.7701529976;Estados;35
PIBIEE;2001-01-01T00:00:00-02:00;51672.1059921072;Estados;42
PIBIEE;2001-01-01T00:00:00-02:00;56125.7979263099;Estados;52
PIBIEE;2001-01-01T00:00:00-02:00;69223.2212913274;Estados;16
PIBIEE;2001-01-01T00:00:00-02:00;80839.7854588745;Estados;43
PIBIEE;2001-01-01T00:00:00-02:00;141299.95875846158;Regiões;4
PIBIEE;2001-01-01T00:00:00-02:00;166767.940848079;Estados;51
PIBIEE;2001-01-01T00:00:00-02:00;253844.877645334;Estados;32
PIBIEE;2001-01-01T00:00:00-02:00;256488.9177692163;Regiões;5
PIBIEE;2001-01-01T00:00:00-02:00;269753.714202044;Estados;23
PIBIEE;2001-01-01T00:00:00-02:00;755349.595501765;Estados;15
PIBIEE;2001-01-01T00:00:00-02:00;879976.526754077;Estados;13
PIBIEE;2001-01-01T00:00:00-02:00;1224216.21105166;Estados;24
PIBIEE;2001-01-01T00:00:00-02:00;1259036.54653872;Estados;28
PIBIEE;2001-01-01T00:00:00-02:00;1268553.74176585;Estados;29
PIBIEE;2001-01-01T00:00:00-02:00;1586672.9008849;Estados;31
PIBIEE;2001-01-01T00:00:00-02:00;1744278.4049086354;Regiões;1
PIBIEE;2001-01-01T00:00:00-02:00;4056729.0415448816;Regiões;2
PIBIEE;2001-01-01T00:00:00-02:00;24812858.0327848;Estados;33
PIBIEE;2001-01-01T00:00:00-02:00;26698848.58146803;Regiões;3
PIBIEE;2001-01-01T00:00:00-02:00;32897644.90444923;Brasil;0
PIBIEE;2002-01-01T00:00:00-02:00;67.9805433637;Estados;14
PIBIEE;2002-01-01T00:00:00-02:00;233.8173410912;Estados;12
PIBIEE;2002-01-01T00:00:00-02:00;5168.1521553707;Estados;53
PIBIEE;2002-01-01T00:00:00-02:00;7547.5080462057;Estados;17
PIBIEE;2002-01-01T00:00:00-02:00;13820.9677228777;Estados;22
PIBIEE;2002-01-01T00:00:00-02:00;21278.9831484987;Estados;11
PIBIEE;2002-01-01T00:00:00-02:00;27734.1243393179;Estados;16
PIBIEE;2002-01-01T00:00:00-02:00;32644.5359124454;Estados;51
PIBIEE;2002-01-01T00:00:00-02:00;34841.7837462906;Estados;21
PIBIEE;2002-01-01T00:00:00-02:00;51970.4339753751;Estados;25
PIBIEE;2002-01-01T00:00:00-02:00;52023.8234728604;Estados;50
PIBIEE;2002-01-01T00:00:00-02:00;60816.0341998241;Estados;26
PIBIEE;2002-01-01T00:00:00-02:00;60823.7306367208;Estados;27
PIBIEE;2002-01-01T00:00:00-02:00;131096.262082314;Estados;23
PIBIEE;2002-01-01T00:00:00-02:00;153261.186663215;Estados;43
PIBIEE;2002-01-01T00:00:00-02:00;158632.253210541;Estados;42
PIBIEE;2002-01-01T00:00:00-02:00;159529.858071026;Estados;41
PIBIEE;2002-01-01T00:00:00-02:00;256291.05431692;Estados;28
PIBIEE;2002-01-01T00:00:00-02:00;277549.957134236;Estados;52
PIBIEE;2002-01-01T00:00:00-02:00;290065.296790436;Estados;13
PIBIEE;2002-01-01T00:00:00-02:00;367386.46867491247;Regiões;5
PIBIEE;2002-01-01T00:00:00-02:00;429024.939487598;Estados;35
PIBIEE;2002-01-01T00:00:00-02:00;471423.29794478207;Regiões;4
PIBIEE;2002-01-01T00:00:00-02:00;563059.853413925;Estados;29
PIBIEE;2002-01-01T00:00:00-02:00;759138.941807778;Estados;24
PIBIEE;2002-01-01T00:00:00-02:00;1103932.95521154;Estados;32
PIBIEE;2002-01-01T00:00:00-02:00;1275748.39378882;Estados;15
PIBIEE;2002-01-01T00:00:00-02:00;1622676.103997733;Regiões;1
PIBIEE;2002-01-01T00:00:00-02:00;1931859.061902025;Regiões;2
PIBIEE;2002-01-01T00:00:00-02:00;2569875.07926871;Estados;31
PIBIEE;2002-01-01T00:00:00-02:00;8453542.59010606;Estados;33
PIBIEE;2002-01-01T00:00:00-02:00;12556375.564073911;Regiões;3
PIBIEE;2002-01-01T00:00:00-02:00;16949720.496593364;Brasil;0
PIBIEE;2003-01-01T00:00:00-02:00;756.9472505996;Estados;14
PIBIEE;2003-01-01T00:00:00-02:00;846.0007399309;Estados;12
PIBIEE;2003-01-01T00:00:00-02:00;7796.1324231278;Estados;17
PIBIEE;2003-01-01T00:00:00-02:00;9398.9368316703;Estados;22
PIBIEE;2003-01-01T00:00:00-02:00;21021.2903828954;Estados;11
PIBIEE;2003-01-01T00:00:00-02:00;26824.5946787315;Estados;26
PIBIEE;2003-01-01T00:00:00-02:00;39534.1812406259;Estados;53
PIBIEE;2003-01-01T00:00:00-02:00;40715.6463985326;Estados;51
PIBIEE;2003-01-01T00:00:00-02:00;41557.5747627387;Estados;16
PIBIEE;2003-01-01T00:00:00-02:00;50456.7451561254;Estados;50
PIBIEE;2003-01-01T00:00:00-02:00;51511.269761768;Estados;25
PIBIEE;2003-01-01T00:00:00-02:00;63557.4101359926;Estados;27
PIBIEE;2003-01-01T00:00:00-02:00;136252.459400025;Estados;23
PIBIEE;2003-01-01T00:00:00-02:00;136972.968289693;Estados;42
PIBIEE;2003-01-01T00:00:00-02:00;141644.356685444;Estados;41
PIBIEE;2003-01-01T00:00:00-02:00;159600.368483238;Estados;21
PIBIEE;2003-01-01T00:00:00-02:00;181821.295584447;Estados;43
PIBIEE;2003-01-01T00:00:00-02:00;240392.888783899;Estados;52
PIBIEE;2003-01-01T00:00:00-02:00;293707.043144772;Estados;28
PIBIEE;2003-01-01T00:00:00-02:00;300227.816525278;Estados;13
PIBIEE;2003-01-01T00:00:00-02:00;340920.446795425;Estados;35
PIBIEE;2003-01-01T00:00:00-02:00;371099.4615791829;Regiões;5
PIBIEE;2003-01-01T00:00:00-02:00;460438.620559584;Regiões;4
PIBIEE;2003-01-01T00:00:00-02:00;599015.158345942;Estados;29
PIBIEE;2003-01-01T00:00:00-02:00;647154.602593926;Estados;24
PIBIEE;2003-01-01T00:00:00-02:00;1095929.21124986;Estados;32
PIBIEE;2003-01-01T00:00:00-02:00;1343312.95136494;Estados;15
PIBIEE;2003-01-01T00:00:00-02:00;1715518.7134495105;Regiões;1
PIBIEE;2003-01-01T00:00:00-02:00;1987021.8433760654;Regiões;2
PIBIEE;2003-01-01T00:00:00-02:00;2988317.90629576;Estados;31
PIBIEE;2003-01-01T00:00:00-02:00;9470108.06987807;Estados;33
PIBIEE;2003-01-01T00:00:00-02:00;13895275.634219114;Regiões;3
PIBIEE;2003-01-01T00:00:00-02:00;18429354.27318346;Brasil;0
PIBIEE;2004-01-01T00:00:00-02:00;433.3726737218;Estados;12
PIBIEE;2004-01-01T00:00:00-02:00;1038.1422336772;Estados;14
PIBIEE;2004-01-01T00:00:00-02:00;8106.9811925104;Estados;22
PIBIEE;2004-01-01T00:00:00-02:00;11295.4843005463;Estados;16
PIBIEE;2004-01-01T00:00:00-02:00;23668.7720110897;Estados;17
PIBIEE;2004-01-01T00:00:00-02:00;28820.2776540367;Estados;11
PIBIEE;2004-01-01T00:00:00-02:00;29455.0315886961;Estados;50
PIBIEE;2004-01-01T00:00:00-02:00;38407.0205593485;Estados;26
PIBIEE;2004-01-01T00:00:00-02:00;43786.4612818784;Estados;53
PIBIEE;2004-01-01T00:00:00-02:00;56105.8804509597;Estados;25
PIBIEE;2004-01-01T00:00:00-02:00;63003.5582215033;Estados;51
PIBIEE;2004-01-01T00:00:00-02:00;72680.7932194958;Estados;27
PIBIEE;2004-01-01T00:00:00-02:00;139109.518174184;Estados;23
PIBIEE;2004-01-01T00:00:00-02:00;191347.348108292;Estados;42
PIBIEE;2004-01-01T00:00:00-02:00;205889.283994442;Estados;43
PIBIEE;2004-01-01T00:00:00-02:00;209861.738575283;Estados;41
PIBIEE;2004-01-01T00:00:00-02:00;260880.950363566;Estados;21
PIBIEE;2004-01-01T00:00:00-02:00;297014.063736396;Estados;52
PIBIEE;2004-01-01T00:00:00-02:00;322432.293570538;Estados;28
PIBIEE;2004-01-01T00:00:00-02:00;361856.338724749;Estados;13
PIBIEE;2004-01-01T00:00:00-02:00;433259.11482847383;Regiões;5
PIBIEE;2004-01-01T00:00:00-02:00;461545.415659578;Estados;35
PIBIEE;2004-01-01T00:00:00-02:00;607098.370678017;Regiões;4
PIBIEE;2004-01-01T00:00:00-02:00;743359.77276161;Estados;24
PIBIEE;2004-01-01T00:00:00-02:00;790439.340766402;Estados;29
PIBIEE;2004-01-01T00:00:00-02:00;1564300.24735298;Estados;32
PIBIEE;2004-01-01T00:00:00-02:00;1779719.90846953;Estados;15
PIBIEE;2004-01-01T00:00:00-02:00;2206832.296067351;Regiões;1
PIBIEE;2004-01-01T00:00:00-02:00;2431522.5510586146;Regiões;2
PIBIEE;2004-01-01T00:00:00-02:00;3784644.8443635;Estados;31
PIBIEE;2004-01-01T00:00:00-02:00;10127994.0263074;Estados;33
PIBIEE;2004-01-01T00:00:00-02:00;15938484.533683458;Regiões;3
PIBIEE;2004-01-01T00:00:00-02:00;21617196.866315912;Brasil;0
PIBIEE;2005-01-01T00:00:00-02:00;288.8076958623;Estados;12
PIBIEE;2005-01-01T00:00:00-02:00;1707.1386030025;Estados;14
PIBIEE;2005-01-01T00:00:00-02:00;8700.3233734518;Estados;22
PIBIEE;2005-01-01T00:00:00-02:00;14335.0101409398;Estados;11
PIBIEE;2005-01-01T00:00:00-02:00;16819.7999291225;Estados;16
PIBIEE;2005-01-01T00:00:00-02:00;17052.8453999591;Estados;17
PIBIEE;2005-01-01T00:00:00-02:00;17716.0853988404;Estados;26
PIBIEE;2005-01-01T00:00:00-02:00;36451.7080279034;Estados;51
PIBIEE;2005-01-01T00:00:00-02:00;43983.1305626089;Estados;25
PIBIEE;2005-01-01T00:00:00-02:00;50823.1367070239;Estados;53
PIBIEE;2005-01-01T00:00:00-02:00;52352.1398768832;Estados;50
PIBIEE;2005-01-01T00:00:00-02:00;100877.228521028;Estados;27
PIBIEE;2005-01-01T00:00:00-02:00;159830.310233121;Estados;23
PIBIEE;2005-01-01T00:00:00-02:00;165551.394667635;Estados;42
PIBIEE;2005-01-01T00:00:00-02:00;194018.021164178;Estados;41
PIBIEE;2005-01-01T00:00:00-02:00;217516.752640421;Estados;43
PIBIEE;2005-01-01T00:00:00-02:00;232234.510179168;Estados;52
PIBIEE;2005-01-01T00:00:00-02:00;279975.453213908;Estados;21
PIBIEE;2005-01-01T00:00:00-02:00;371861.4947909785;Regiões;5
PIBIEE;2005-01-01T00:00:00-02:00;440922.755065441;Estados;35
PIBIEE;2005-01-01T00:00:00-02:00;450687.491613929;Estados;13
PIBIEE;2005-01-01T00:00:00-02:00;451907.67111972;Estados;28
PIBIEE;2005-01-01T00:00:00-02:00;577086.168472234;Regiões;4
PIBIEE;2005-01-01T00:00:00-02:00;834629.110374375;Estados;29
PIBIEE;2005-01-01T00:00:00-02:00;1014664.8662292;Estados;24
PIBIEE;2005-01-01T00:00:00-02:00;1849456.93450429;Estados;15
PIBIEE;2005-01-01T00:00:00-02:00;2202864.42968939;Estados;32
PIBIEE;2005-01-01T00:00:00-02:00;2350348.027887105;Regiões;1
PIBIEE;2005-01-01T00:00:00-02:00;2912284.1790262526;Regiões;2
PIBIEE;2005-01-01T00:00:00-02:00;3923128.48491008;Estados;31
PIBIEE;2005-01-01T00:00:00-02:00;15810985.4273286;Estados;33
PIBIEE;2005-01-01T00:00:00-02:00;22377901.096993513;Regiões;3
PIBIEE;2005-01-01T00:00:00-02:00;28589480.967170086;Brasil;0
PIBIEE;2006-01-01T00:00:00-02:00;942.8872937737;Estados;12
PIBIEE;2006-01-01T00:00:00-02:00;960.3829055501;Estados;14
PIBIEE;2006-01-01T00:00:00-02:00;3386.0264088836;Estados;53
PIBIEE;2006-01-01T00:00:00-02:00;9035.5236985079;Estados;22
PIBIEE;2006-01-01T00:00:00-02:00;14186.1003686657;Estados;17
PIBIEE;2006-01-01T00:00:00-02:00;15138.6731161817;Estados;16
PIBIEE;2006-01-01T00:00:00-02:00;32399.9145184254;Estados;11
PIBIEE;2006-01-01T00:00:00-02:00;32403.2146346974;Estados;26
PIBIEE;2006-01-01T00:00:00-02:00;44310.3743061094;Estados;51
PIBIEE;2006-01-01T00:00:00-02:00;53754.0133668115;Estados;25
PIBIEE;2006-01-01T00:00:00-02:00;74130.9810054349;Estados;50
PIBIEE;2006-01-01T00:00:00-02:00;130842.312564491;Estados;43
PIBIEE;2006-01-01T00:00:00-02:00;140629.78235435;Estados;27
PIBIEE;2006-01-01T00:00:00-02:00;154597.079835153;Estados;42
PIBIEE;2006-01-01T00:00:00-02:00;177890.077087018;Estados;41
PIBIEE;2006-01-01T00:00:00-02:00;185751.311681753;Estados;23
PIBIEE;2006-01-01T00:00:00-02:00;215423.959187429;Estados;52
PIBIEE;2006-01-01T00:00:00-02:00;267586.11540405;Estados;21
PIBIEE;2006-01-01T00:00:00-02:00;337251.3409078569;Regiões;5
PIBIEE;2006-01-01T00:00:00-02:00;459053.177381787;Estados;35
PIBIEE;2006-01-01T00:00:00-02:00;463329.469486662;Regiões;4
PIBIEE;2006-01-01T00:00:00-02:00;544094.162272718;Estados;13
PIBIEE;2006-01-01T00:00:00-02:00;596140.144032635;Estados;28
PIBIEE;2006-01-01T00:00:00-02:00;1023218.50623842;Estados;29
PIBIEE;2006-01-01T00:00:00-02:00;1089620.90547775;Estados;24
PIBIEE;2006-01-01T00:00:00-02:00;1780967.76003993;Estados;15
PIBIEE;2006-01-01T00:00:00-02:00;2388689.8805152443;Regiões;1
PIBIEE;2006-01-01T00:00:00-02:00;2721716.58530347;Estados;32
PIBIEE;2006-01-01T00:00:00-02:00;3398139.516888975;Regiões;2
PIBIEE;2006-01-01T00:00:00-02:00;3528383.60003216;Estados;31
PIBIEE;2006-01-01T00:00:00-02:00;21648585.5326413;Estados;33
PIBIEE;2006-01-01T00:00:00-02:00;28357738.89535872;Regiões;3
PIBIEE;2006-01-01T00:00:00-02:00;34945149.103157446;Brasil;0
PIBIEE;2007-01-01T00:00:00-02:00;2332.7407370117;Estados;12
PIBIEE;2007-01-01T00:00:00-02:00;5273.4822077259;Estados;53
PIBIEE;2007-01-01T00:00:00-02:00;5918.480585068;Estados;14
PIBIEE;2007-01-01T00:00:00-02:00;14701.3708207448;Estados;17
PIBIEE;2007-01-01T00:00:00-02:00;15644.7960449927;Estados;22
PIBIEE;2007-01-01T00:00:00-02:00;23183.1662006768;Estados;11
PIBIEE;2007-01-01T00:00:00-02:00;27112.1908626536;Estados;26
PIBIEE;2007-01-01T00:00:00-02:00;29479.3441520668;Estados;51
PIBIEE;2007-01-01T00:00:00-02:00;47827.694630754;Estados;50
PIBIEE;2007-01-01T00:00:00-02:00;50441.6756840057;Estados;25
PIBIEE;2007-01-01T00:00:00-02:00;51620.6407047269;Estados;16
PIBIEE;2007-01-01T00:00:00-02:00;146097.910892286;Estados;23
PIBIEE;2007-01-01T00:00:00-02:00;146107.458084931;Estados;43
PIBIEE;2007-01-01T00:00:00-02:00;161371.800727831;Estados;42
PIBIEE;2007-01-01T00:00:00-02:00;162505.313047055;Estados;41
PIBIEE;2007-01-01T00:00:00-02:00;188581.888709242;Estados;27
PIBIEE;2007-01-01T00:00:00-02:00;205286.900128201;Estados;21
PIBIEE;2007-01-01T00:00:00-02:00;320050.300709088;Estados;35
PIBIEE;2007-01-01T00:00:00-02:00;427294.530917402;Estados;13
PIBIEE;2007-01-01T00:00:00-02:00;469984.571859817;Regiões;4
PIBIEE;2007-01-01T00:00:00-02:00;528735.215758136;Estados;28
PIBIEE;2007-01-01T00:00:00-02:00;558242.78217559;Estados;52
PIBIEE;2007-01-01T00:00:00-02:00;640823.3031661366;Regiões;5
PIBIEE;2007-01-01T00:00:00-02:00;911289.044181691;Estados;24
PIBIEE;2007-01-01T00:00:00-02:00;975318.03159259;Estados;29
PIBIEE;2007-01-01T00:00:00-02:00;1599416.82805679;Estados;15
PIBIEE;2007-01-01T00:00:00-02:00;2124467.75802242;Regiões;1
PIBIEE;2007-01-01T00:00:00-02:00;3048507.6538537983;Regiões;2
PIBIEE;2007-01-01T00:00:00-02:00;3096512.9675666;Estados;32
PIBIEE;2007-01-01T00:00:00-02:00;3158805.35608884;Estados;31
PIBIEE;2007-01-01T00:00:00-02:00;17235797.721614;Estados;33
PIBIEE;2007-01-01T00:00:00-02:00;23811166.345978525;Regiões;3
PIBIEE;2007-01-01T00:00:00-02:00;30094949.632880695;Brasil;0
PIBIEE;2008-01-01T00:00:00-02:00;3092.6884713549;Estados;12
PIBIEE;2008-01-01T00:00:00-02:00;5757.8638832926;Estados;14
PIBIEE;2008-01-01T00:00:00-02:00;9893.2931829142;Estados;53
PIBIEE;2008-01-01T00:00:00-02:00;14815.4389221174;Estados;22
PIBIEE;2008-01-01T00:00:00-02:00;18577.9389148667;Estados;11
PIBIEE;2008-01-01T00:00:00-02:00;25221.6539367523;Estados;17
PIBIEE;2008-01-01T00:00:00-02:00;25978.3696334337;Estados;26
PIBIEE;2008-01-01T00:00:00-02:00;35784.1998398775;Estados;16
PIBIEE;2008-01-01T00:00:00-02:00;36638.5760390702;Estados;51
PIBIEE;2008-01-01T00:00:00-02:00;47245.2712117601;Estados;25
PIBIEE;2008-01-01T00:00:00-02:00;161241.126425284;Estados;41
PIBIEE;2008-01-01T00:00:00-02:00;163951.182919232;Estados;27
PIBIEE;2008-01-01T00:00:00-02:00;169362.219659822;Estados;50
PIBIEE;2008-01-01T00:00:00-02:00;171992.05883617;Estados;23
PIBIEE;2008-01-01T00:00:00-02:00;173763.005453321;Estados;43
PIBIEE;2008-01-01T00:00:00-02:00;219684.837844249;Estados;42
PIBIEE;2008-01-01T00:00:00-02:00;363333.528728072;Estados;52
PIBIEE;2008-01-01T00:00:00-02:00;489127.526883537;Estados;21
PIBIEE;2008-01-01T00:00:00-02:00;521231.216284549;Estados;35
PIBIEE;2008-01-01T00:00:00-02:00;527583.380364828;Estados;13
PIBIEE;2008-01-01T00:00:00-02:00;554688.969722854;Regiões;4
PIBIEE;2008-01-01T00:00:00-02:00;579227.6176098784;Regiões;5
PIBIEE;2008-01-01T00:00:00-02:00;888801.378117906;Estados;28
PIBIEE;2008-01-01T00:00:00-02:00;1086390.89901085;Estados;24
PIBIEE;2008-01-01T00:00:00-02:00;1234872.6181993;Estados;29
PIBIEE;2008-01-01T00:00:00-02:00;3824174.48818358;Estados;15
PIBIEE;2008-01-01T00:00:00-02:00;4123174.743734306;Regiões;2
PIBIEE;2008-01-01T00:00:00-02:00;4440192.213594552;Regiões;1
PIBIEE;2008-01-01T00:00:00-02:00;4637019.34012579;Estados;32
PIBIEE;2008-01-01T00:00:00-02:00;5230352.39810231;Estados;31
PIBIEE;2008-01-01T00:00:00-02:00;23134376.2214989;Estados;33
PIBIEE;2008-01-01T00:00:00-02:00;33522979.176011547;Regiões;3
PIBIEE;2008-01-01T00:00:00-02:00;43220262.72067314;Brasil;0
PIBIEE;2009-01-01T00:00:00-02:00;1671.155295654;Estados;12
PIBIEE;2009-01-01T00:00:00-02:00;4048.6229902641;Estados;14
PIBIEE;2009-01-01T00:00:00-02:00;9704.6718890127;Estados;22
PIBIEE;2009-01-01T00:00:00-02:00;13248.0117225634;Estados;53
PIBIEE;2009-01-01T00:00:00-02:00;14413.3212702353;Estados;16
PIBIEE;2009-01-01T00:00:00-02:00;20080.6884809612;Estados;25
PIBIEE;2009-01-01T00:00:00-02:00;23297.7864865511;Estados;11
PIBIEE;2009-01-01T00:00:00-02:00;27596.3242666713;Estados;17
PIBIEE;2009-01-01T00:00:00-02:00;36178.9175906401;Estados;26
PIBIEE;2009-01-01T00:00:00-02:00;36298.3463319403;Estados;51
PIBIEE;2009-01-01T00:00:00-02:00;65866.2041207347;Estados;50
PIBIEE;2009-01-01T00:00:00-02:00;82692.434369452;Estados;27
PIBIEE;2009-01-01T00:00:00-02:00;117585.506915217;Estados;23
PIBIEE;2009-01-01T00:00:00-02:00;140799.290593052;Estados;41
PIBIEE;2009-01-01T00:00:00-02:00;156086.38871595;Estados;43
PIBIEE;2009-01-01T00:00:00-02:00;188633.770686469;Estados;42
PIBIEE;2009-01-01T00:00:00-02:00;263202.9949474;Estados;13
PIBIEE;2009-01-01T00:00:00-02:00;367685.742126666;Estados;21
PIBIEE;2009-01-01T00:00:00-02:00;445845.536075255;Estados;28
PIBIEE;2009-01-01T00:00:00-02:00;465196.412298519;Estados;52
PIBIEE;2009-01-01T00:00:00-02:00;485519.44999547105;Regiões;4
PIBIEE;2009-01-01T00:00:00-02:00;548615.660320069;Estados;24
PIBIEE;2009-01-01T00:00:00-02:00;571306.499243124;Estados;35
PIBIEE;2009-01-01T00:00:00-02:00;580608.9744737574;Regiões;5
PIBIEE;2009-01-01T00:00:00-02:00;622914.546714376;Estados;29
PIBIEE;2009-01-01T00:00:00-02:00;2251303.7044816487;Regiões;2
PIBIEE;2009-01-01T00:00:00-02:00;2327619.67034014;Estados;32
PIBIEE;2009-01-01T00:00:00-02:00;2519972.506615;Estados;15
PIBIEE;2009-01-01T00:00:00-02:00;2854202.711871776;Regiões;1
PIBIEE;2009-01-01T00:00:00-02:00;3468869.31091118;Estados;31
PIBIEE;2009-01-01T00:00:00-02:00;12120592.3342536;Estados;33
PIBIEE;2009-01-01T00:00:00-02:00;18488387.81474804;Regiões;3
PIBIEE;2009-01-01T00:00:00-02:00;24660022.6555707;Brasil;0
